,city,latitude,longitude,max_temp,humidity,cloud_cover,wind_speed,country,date
0,Kingisepp,58.920000000076186,28.539999999810334,32.9,93.0,99.0,5.64,RU,2021-04-24 01:47:24
1,Provideniya,53.36000000007334,-176.99000000000274,39.97,59.0,13.0,4.5,RU,2021-04-24 01:47:25
2,Negru voda,43.61000000006834,28.219999999810625,45.0,93.0,0.0,3.44,RO,2021-04-24 01:47:25
3,Paamiut,55.70000000007454,-50.550000000117734,32.11,77.0,2.0,4.52,GL,2021-04-24 01:37:53
4,Barrow,84.17000000008909,-143.89000000003284,28.4,69.0,1.0,5.12,US,2021-04-24 01:43:14
5,Huaihua,27.510000000060117,109.70999999973651,65.62,96.0,100.0,4.07,CN,2021-04-24 01:47:26
6,Mumford,3.8100000000479923,-1.6370904631912708e-10,81.0,85.0,100.0,9.91,GH,2021-04-24 01:47:26
7,Pacific grove,30.610000000061703,-131.3900000000442,57.0,86.0,44.0,6.96,US,2021-04-24 01:41:16
8,Punta arenas,-69.77999999998966,-112.36000000006152,42.8,93.0,40.0,3.44,CL,2021-04-24 01:47:20
9,Visnes,57.990000000075725,2.0499999998344265,41.0,70.0,75.0,16.11,NO,2021-04-24 01:47:26
10,Kieta,0.7900000000464473,160.27999999969052,84.24,67.0,61.0,5.08,PG,2021-04-24 01:42:48
11,Tiksi,82.24000000008812,127.0999999997207,16.84,81.0,100.0,14.03,RU,2021-04-24 01:47:27
12,Rikitea,-28.87999999996873,-140.99000000003548,79.03,72.0,100.0,16.31,PF,2021-04-24 01:41:18
13,Cape town,-63.89999999998665,-0.110000000163609,59.0,82.0,0.0,9.22,ZA,2021-04-24 01:46:40
14,Mar del plata,-46.48999999997774,-47.41000000012059,66.2,72.0,90.0,6.91,AR,2021-04-24 01:47:28
15,Prado,-17.729999999963027,-36.67000000013036,74.79,85.0,14.0,5.41,BR,2021-04-24 01:47:28
16,Mataura,-55.82999999998252,-149.85000000002742,50.0,84.0,99.0,11.99,NZ,2021-04-24 01:47:29
17,Atuona,9.990000000051154,-130.1900000000453,80.38,78.0,23.0,23.85,PF,2021-04-24 01:47:29
18,Bluff,-67.98999999998874,171.46999999968034,50.0,84.0,88.0,11.99,NZ,2021-04-24 01:43:58
19,La ligua,-32.27999999997047,-71.31000000009885,56.64,87.0,7.0,1.39,CL,2021-04-24 01:47:30
20,Dingle,50.43000000007186,-19.68000000014581,89.6,53.0,93.0,8.23,PH,2021-04-24 01:46:12
21,Lugovskoy,56.96000000007518,64.40999999977771,44.6,42.0,0.0,8.95,RU,2021-04-24 01:47:30
22,Lebu,-32.659999999970665,-100.1700000000726,52.45,91.0,79.0,7.38,CL,2021-04-24 01:47:31
23,Vao,-28.139999999968353,165.44999999968582,75.92,74.0,57.0,11.14,NC,2021-04-24 01:43:11
24,Butaritari,18.810000000055666,164.3599999996868,81.37,78.0,100.0,6.62,KI,2021-04-24 01:37:51
25,Ruiru,-1.1499999999545452,36.99999999980264,64.4,100.0,40.0,9.22,KE,2021-04-24 01:47:31
26,Arraial do cabo,-26.639999999967586,-36.48000000013053,73.72,77.0,61.0,11.74,BR,2021-04-24 01:47:32
27,Talcahuano,-30.629999999969627,-83.6800000000876,55.4,94.0,0.0,3.44,CL,2021-04-24 01:45:01
28,Saint george,27.01000000005986,-56.23000000011257,78.8,9.0,1.0,20.71,US,2021-04-24 01:45:09
29,Ratodero,27.79000000006026,68.23999999977423,73.4,60.0,0.0,2.19,PK,2021-04-24 01:47:32
30,Boiro,42.53000000006779,-8.990000000155533,59.0,94.0,100.0,5.53,ES,2021-04-24 01:47:32
31,Sao joao da barra,-28.319999999968445,-32.51000000013414,69.24,87.0,0.0,7.76,BR,2021-04-24 01:39:08
32,Hilo,15.190000000053814,-151.33000000002608,78.8,65.0,90.0,16.11,US,2021-04-24 01:45:44
33,Khatanga,73.21000000008348,103.26999999974237,33.26,96.0,100.0,19.64,RU,2021-04-24 01:41:36
34,Bethel,48.97000000007108,-165.98000000001275,57.2,24.0,1.0,4.61,US,2021-04-24 01:47:33
35,Klyuchi,55.380000000074375,160.9699999996899,38.57,62.0,3.0,6.67,RU,2021-04-24 01:47:33
36,Ayan,54.97000000007415,138.23999999971056,34.41,64.0,99.0,7.54,RU,2021-04-24 01:41:31
37,Westerland,54.76000000007406,8.579999999828487,41.0,85.0,75.0,1.01,DE,2021-04-24 01:47:34
38,Jacareacanga,-6.7299999999574,-58.77000000011026,74.37,97.0,100.0,1.14,BR,2021-04-24 01:47:34
39,Mugan,40.34000000006668,49.099999999791635,50.74,44.0,29.0,2.93,CN,2021-04-24 01:47:34
40,Ushuaia,-74.88999999999227,-52.560000000115906,42.8,93.0,75.0,13.8,AR,2021-04-24 01:39:26
41,Fairbanks,64.12000000007885,-146.21000000003073,57.99,21.0,1.0,5.75,US,2021-04-24 01:45:48
42,East london,-87.37999999999866,59.589999999782094,62.29,75.0,3.0,7.09,ZA,2021-04-24 01:42:45
43,Kapaa,15.360000000053901,-169.93000000000916,77.0,73.0,75.0,17.27,US,2021-04-24 01:47:35
44,Aromashevo,56.82000000007511,68.50999999977398,40.62,55.0,100.0,10.18,RU,2021-04-24 01:47:36
45,Hermanus,-89.0099999999995,-13.690000000151258,55.0,89.0,95.0,1.01,ZA,2021-04-24 01:43:56
46,Butembo,0.2000000000461455,28.239999999810607,56.01,95.0,72.0,2.39,CD,2021-04-24 01:47:36
47,Pevek,84.40000000008922,169.9599999996817,18.66,85.0,63.0,2.01,RU,2021-04-24 01:40:55
48,Nome,71.72000000008273,-165.9300000000128,44.6,49.0,1.0,5.75,US,2021-04-24 01:47:37
49,Isangel,-20.399999999964393,174.12999999967792,86.0,70.0,75.0,5.75,VU,2021-04-24 01:44:13
50,Kudahuvadhoo,1.8700000000469998,65.37999999977683,83.28,65.0,36.0,9.62,MV,2021-04-24 01:48:39
51,Nizwa,22.360000000057482,56.41999999978498,75.7,26.0,0.0,1.1,OM,2021-04-24 01:48:39
52,Ancud,-39.39999999997411,-88.06000000008362,50.0,93.0,0.0,3.44,CL,2021-04-24 01:41:46
53,Codrington,18.930000000055728,-61.02000000010821,60.66,70.0,90.0,13.33,AU,2021-04-24 01:40:47
54,Nizhneangarsk,55.89000000007462,109.40999999973678,32.04,74.0,100.0,3.31,RU,2021-04-24 01:48:40
55,Kavieng,15.090000000053763,151.97999999969807,80.47,79.0,95.0,4.23,PG,2021-04-24 01:48:40
56,Lere,10.380000000051353,8.329999999828715,75.78,64.0,81.0,4.7,NG,2021-04-24 01:48:41
57,Busselton,-73.51999999999157,81.18999999976245,71.6,48.0,31.0,5.35,AU,2021-04-24 01:47:31
58,Hithadhoo,-1.1199999999545298,67.07999999977528,82.45,70.0,17.0,5.1,MV,2021-04-24 01:48:41
59,Taltal,-25.369999999966936,-74.06000000009635,62.02,82.0,2.0,2.98,CL,2021-04-24 01:48:41
60,Tuktoyaktuk,84.01000000008901,-129.9600000000455,19.4,68.0,75.0,11.5,CA,2021-04-24 01:48:42
61,Mahebourg,-42.38999999997564,76.80999999976643,78.8,89.0,40.0,11.5,MU,2021-04-24 01:48:42
62,Port alfred,-71.78999999999068,36.86999999980276,64.92,73.0,0.0,15.73,ZA,2021-04-24 01:39:12
63,Selizharovo,56.86000000007513,33.77999999980557,31.59,93.0,100.0,3.8,RU,2021-04-24 01:48:43
64,Ribeira grande,43.06000000006807,-38.68000000012853,58.64,78.0,99.0,28.74,PT,2021-04-24 01:39:05
65,Brae,62.88000000007821,-1.8200000001620538,44.6,87.0,75.0,1.14,GB,2021-04-24 01:48:43
66,Harper,-4.059999999956034,-6.700000000157615,80.62,83.0,84.0,7.9,LR,2021-04-24 01:48:43
67,Bredasdorp,-74.64999999999215,19.249999999818783,44.6,87.0,94.0,1.14,ZA,2021-04-24 01:48:44
68,Chuy,-53.6399999999814,-33.540000000133205,65.28,88.0,3.0,9.73,UY,2021-04-24 01:44:01
69,San juan del sur,10.53000000005143,-86.52000000008502,82.92,64.0,35.0,18.23,NI,2021-04-24 01:48:44
70,Torbay,40.84000000006694,-50.28000000011798,39.0,100.0,90.0,18.41,CA,2021-04-24 01:48:45
71,Padang,-5.249999999956643,95.3099999997496,82.4,74.0,20.0,2.3,ID,2021-04-24 01:48:45
72,Kununurra,-15.449999999961861,126.02999999972167,86.0,23.0,14.0,14.97,AU,2021-04-24 01:48:45
73,Anadyr,64.60000000007909,178.5399999996739,24.8,80.0,0.0,4.47,RU,2021-04-24 01:39:12
74,Komsomolskiy,68.48000000008108,63.40999999977862,50.0,57.0,100.0,6.91,UZ,2021-04-24 01:40:50
75,Avarua,-13.70999999996097,-162.48000000001593,82.4,74.0,10.0,19.57,CK,2021-04-24 01:48:46
76,Ust-nera,65.01000000007929,144.2399999997051,18.1,74.0,100.0,4.81,RU,2021-04-24 01:48:46
77,Yellowknife,70.05000000008187,-108.50000000006503,16.0,57.0,75.0,9.22,CA,2021-04-24 01:48:46
78,Broken hill,-26.169999999967345,142.53999999970665,64.4,45.0,84.0,5.75,AU,2021-04-24 01:48:47
79,Birao,9.430000000050867,22.679999999815664,80.76,58.0,100.0,8.59,CF,2021-04-24 01:41:32
80,Dikson,78.09000000008598,83.46999999976038,31.86,98.0,100.0,15.35,RU,2021-04-24 01:48:47
81,Constitucion,11.990000000052177,-129.5300000000459,55.0,79.0,0.0,10.09,CL,2021-04-24 01:41:17
82,Pisco,-20.05999999996422,-88.89000000008286,66.99,82.0,0.0,9.22,PE,2021-04-24 01:48:48
83,Mehamn,77.98000000008594,27.039999999811698,31.69,70.0,99.0,15.84,NO,2021-04-24 01:48:23
84,Coihaique,-47.199999999978104,-70.87000000009925,43.63,97.0,79.0,5.53,CL,2021-04-24 01:40:19
85,De-kastri,51.61000000007243,141.1699999997079,37.33,70.0,93.0,6.33,RU,2021-04-24 01:48:48
86,Novaya bryan,51.100000000072185,108.19999999973788,42.8,22.0,20.0,15.66,RU,2021-04-24 01:48:49
87,Ulladulla,-37.52999999997316,152.87999999969725,66.2,52.0,88.0,8.05,AU,2021-04-24 01:48:49
88,Hofn,72.53000000008313,-8.96000000015556,44.65,78.0,100.0,5.01,IS,2021-04-24 01:39:09
89,Quang ngai,14.960000000053697,109.48999999973671,89.83,55.0,32.0,3.22,VN,2021-04-24 01:48:50
90,Omsukchan,60.560000000077025,156.2399999996942,18.36,83.0,100.0,8.28,RU,2021-04-24 01:48:50
91,Santarem,-2.529999999955251,-54.310000000114314,75.2,94.0,0.0,2.8,BR,2021-04-24 01:36:40
92,Jamestown,-25.559999999967033,-11.250000000153477,48.2,43.0,1.0,12.66,US,2021-04-24 01:41:32
93,Teguldet,60.18000000007683,88.18999999975608,36.57,77.0,100.0,6.42,RU,2021-04-24 01:49:52
94,Clyde river,67.90000000008078,-81.77000000008934,12.2,100.0,90.0,3.44,CA,2021-04-24 01:49:52
95,Saskylakh,85.06000000008956,110.44999999973584,33.57,97.0,100.0,20.42,RU,2021-04-24 01:40:55
96,Aitape,-1.989999999954975,142.44999999970673,84.52,68.0,100.0,2.84,PG,2021-04-24 01:49:53
97,Saint-louis,16.08000000005427,-17.600000000147702,74.86,36.0,47.0,12.55,SN,2021-04-24 01:49:53
98,Laguna,-33.15999999997092,-42.8900000001247,66.2,52.0,1.0,14.97,US,2021-04-24 01:49:54
99,Tamasopo,21.980000000057288,-99.4000000000733,74.61,47.0,78.0,3.6,MX,2021-04-24 01:49:54
100,Tonj,7.420000000049839,28.329999999810525,79.27,61.0,99.0,4.74,SS,2021-04-24 01:41:01
101,Mukhen,48.290000000070734,136.96999999971172,45.46,64.0,100.0,5.86,RU,2021-04-24 01:49:55
102,New norfolk,-63.639999999986514,137.0999999997116,59.0,76.0,96.0,1.99,AU,2021-04-24 01:47:50
103,Necochea,-43.54999999997624,-57.47000000011144,60.01,97.0,100.0,5.53,AR,2021-04-24 01:46:59
104,Kupang,-12.289999999960244,124.50999999972305,84.65,64.0,2.0,6.82,ID,2021-04-24 01:49:55
105,Airai,7.4500000000498545,140.85999999970818,74.17,48.0,5.0,3.13,TL,2021-04-24 01:47:53
106,College,71.34000000008254,-148.120000000029,57.99,23.0,20.0,6.91,US,2021-04-24 01:41:13
107,Aras,61.14000000007732,4.089999999832571,53.01,62.0,0.0,11.5,ES,2021-04-24 01:49:56
108,Lanzhot,48.630000000070936,16.949999999820875,39.0,82.0,0.0,1.79,CZ,2021-04-24 01:49:56
109,Kaitangata,-81.57999999999569,177.17999999967515,55.99,66.0,100.0,4.0,NZ,2021-04-24 01:40:20
110,Marsa matruh,32.81000000006283,26.639999999812062,57.2,88.0,40.0,8.19,EG,2021-04-24 01:46:27
111,Portland,-50.57999999997983,134.28999999971415,61.0,41.0,90.0,5.75,US,2021-04-24 01:37:54
112,Santa fe,35.47000000006419,-106.0000000000673,68.0,95.0,83.0,1.01,AR,2021-04-24 01:36:32
113,Cayenne,12.810000000052597,-42.490000000125065,79.0,100.0,75.0,3.44,GF,2021-04-24 01:46:51
114,Porto velho,-8.579999999958346,-63.99000000010551,77.0,94.0,20.0,1.14,BR,2021-04-24 01:49:18
115,Upernavik,89.2400000000917,-51.790000000116606,27.95,86.0,100.0,4.99,GL,2021-04-24 01:49:58
116,Cherskiy,68.26000000008096,157.94999999969264,26.83,88.0,100.0,4.9,RU,2021-04-24 01:49:59
117,Sisophon,13.230000000052812,102.48999999974308,86.41,64.0,100.0,5.82,KH,2021-04-24 01:49:59
118,Severo-kurilsk,35.94000000006443,163.19999999968786,38.07,86.0,98.0,6.64,RU,2021-04-24 01:49:59
119,Saint-francois,18.050000000055277,-56.50000000011232,42.01,75.0,0.0,3.94,FR,2021-04-24 01:50:00
120,Acajutla,10.460000000051394,-90.95000000008099,73.0,91.0,12.0,3.0,SV,2021-04-24 01:50:00
121,Albany,-66.84999999998816,117.3099999997296,53.6,43.0,1.0,4.61,US,2021-04-24 01:45:05
122,Esperance,-33.21999999997095,124.86999999972272,62.6,72.0,100.0,12.66,AU,2021-04-24 01:40:33
123,Carnarvon,-24.179999999966327,112.84999999973365,73.4,43.0,2.0,8.05,AU,2021-04-24 01:50:01
124,Castro,-45.99999999997749,-87.60000000008404,53.46,78.0,9.0,3.98,BR,2021-04-24 01:50:01
125,Tasiilaq,68.16000000008091,-33.640000000133114,37.4,48.0,75.0,20.71,GL,2021-04-24 01:47:58
126,Kruisfontein,-42.449999999975674,24.649999999813872,59.0,93.0,93.0,1.99,ZA,2021-04-24 01:50:02
127,Mount gambier,-53.299999999981225,130.6099999997175,57.2,94.0,75.0,12.66,AU,2021-04-24 01:40:17
128,Rock sound,24.72000000005869,-75.89000000009469,76.14,74.0,99.0,17.05,BS,2021-04-24 01:50:03
129,Saint-philippe,-76.17999999999293,75.2999999997678,77.0,73.0,20.0,16.11,RE,2021-04-24 01:50:03
130,Yumen,42.35000000006772,97.1899999997479,44.33,59.0,95.0,0.6,CN,2021-04-24 01:48:18
131,Maldonado,-35.89999999997232,-55.48000000011325,64.4,88.0,0.0,4.61,UY,2021-04-24 01:48:05
132,Katherine,-16.08999999996219,131.72999999971648,82.4,23.0,93.0,12.66,AU,2021-04-24 01:51:05
133,San cristobal,-5.7499999999568985,-87.15000000008445,84.2,65.0,20.0,2.3,VE,2021-04-24 01:43:01
134,Opuwo,-20.089999999964235,7.329999999829624,69.3,39.0,19.0,6.02,NA,2021-04-24 01:49:53
135,Jati,-5.4899999999567655,110.76999999973555,80.91,63.0,2.0,8.05,PK,2021-04-24 01:51:06
136,Staryy nadym,66.08000000007985,72.52999999977033,34.21,99.0,100.0,9.64,RU,2021-04-24 01:51:06
137,Hasaki,28.20000000006047,159.94999999969082,64.0,45.0,75.0,3.44,JP,2021-04-24 01:47:53
138,Port elizabeth,-80.50999999999515,36.43999999980315,57.2,94.0,0.0,5.75,ZA,2021-04-24 01:47:56
139,Saint-augustin,55.470000000074435,-60.0400000001091,32.23,97.0,100.0,11.92,CA,2021-04-24 01:48:19
140,Diego de almagro,-26.479999999967504,-70.06000000009999,53.53,76.0,2.0,2.13,CL,2021-04-24 01:51:07
141,Harrisonville,38.41000000006568,-94.51000000007775,53.01,100.0,100.0,9.22,US,2021-04-24 01:51:07
142,Guerrero negro,21.780000000057186,-123.0500000000518,59.49,76.0,1.0,19.82,MX,2021-04-24 01:50:42
143,Kudymkar,58.71000000007609,54.55999999978667,36.19,93.0,99.0,6.4,RU,2021-04-24 01:51:08
144,Kodiak,41.20000000006712,-150.04000000002725,41.0,81.0,90.0,11.5,US,2021-04-24 01:48:01
145,Victoria,-2.249999999955108,55.75999999978558,79.0,81.0,78.0,13.29,HK,2021-04-24 01:43:57
146,Iquitos,-2.2199999999550926,-74.08000000009633,77.0,94.0,40.0,1.14,PE,2021-04-24 01:47:31
147,Tessalit,22.150000000057375,2.5499999998339717,83.88,8.0,0.0,6.69,ML,2021-04-24 01:47:39
148,Kiunga,-6.169999999957113,138.91999999970994,91.63,56.0,25.0,1.79,PG,2021-04-24 01:48:39
149,Cockburn town,23.82000000005823,-73.07000000009725,78.17,79.0,3.0,17.83,TC,2021-04-24 01:43:55
150,Puerto leguizamo,0.24000000004616595,-74.3400000000961,73.11,97.0,17.0,1.39,CO,2021-04-24 01:51:09
151,Magadan,57.810000000075604,150.92999999969902,28.94,83.0,58.0,2.68,RU,2021-04-24 01:51:10
152,Puerto ayora,-17.92999999996313,-107.42000000006601,77.0,95.0,16.0,5.99,EC,2021-04-24 01:47:06
153,Maceio,-18.199999999963268,-24.470000000141454,75.2,94.0,0.0,2.3,BR,2021-04-24 01:50:10
154,Conde,-11.96999999996008,-37.55000000012956,77.0,88.0,0.0,4.61,BR,2021-04-24 01:51:10
155,Visegrad,43.86000000006848,19.259999999818774,36.0,64.0,0.0,5.75,BA,2021-04-24 01:51:10
156,Qaanaaq,80.66000000008731,-71.76000000009844,17.8,81.0,100.0,5.08,GL,2021-04-24 01:47:57
157,Rawson,-49.31999999997919,-55.980000000112796,54.73,67.0,2.0,16.33,AR,2021-04-24 01:49:31
158,Dunedin,-54.87999999998203,179.69999999967285,55.99,82.0,100.0,5.01,NZ,2021-04-24 01:51:11
159,Sioux lookout,51.040000000072155,-91.68000000008033,28.4,86.0,90.0,10.36,CA,2021-04-24 01:51:11
160,Coahuayana,-0.059999999953987526,-112.81000000006111,73.94,70.0,18.0,1.5,MX,2021-04-24 01:51:04
161,Tabou,-3.8399999999559213,-5.030000000159134,80.02,84.0,94.0,7.27,CI,2021-04-24 01:51:12
162,Hobart,-76.9099999999933,134.9099999997136,60.8,51.0,75.0,12.66,AU,2021-04-24 01:45:02
163,Norman wells,71.0800000000824,-126.120000000049,35.6,32.0,75.0,9.22,CA,2021-04-24 01:50:39
164,Cabo san lucas,12.180000000052274,-115.11000000005902,75.2,50.0,20.0,4.61,MX,2021-04-24 01:51:03
165,Houma,26.60000000005965,-89.94000000008191,72.0,88.0,90.0,16.11,US,2021-04-24 01:51:13
166,Reconquista,-29.08999999996884,-59.54000000010956,66.16,94.0,100.0,4.83,AR,2021-04-24 01:51:11
167,Natal,-3.4399999999557167,-30.52000000013595,82.4,78.0,40.0,9.22,BR,2021-04-24 01:52:14
168,Kahului,28.350000000060547,-150.45000000002688,82.4,51.0,20.0,23.02,US,2021-04-24 01:47:46
169,Krasnyy yar,53.570000000073435,50.66999999979021,44.6,93.0,0.0,6.71,RU,2021-04-24 01:52:14
170,Baran,25.19000000005893,76.41999999976679,82.67,29.0,100.0,8.68,IN,2021-04-24 01:52:15
171,Cowansville,45.020000000069075,-72.6800000000976,51.8,43.0,69.0,8.05,CA,2021-04-24 01:52:15
172,Creel,27.46000000006009,-108.3100000000652,42.93,22.0,0.0,6.64,MX,2021-04-24 01:52:16
173,Alice springs,-26.809999999967673,135.8999999997127,68.0,37.0,0.0,14.97,AU,2021-04-24 01:46:43
174,Mapiri,-14.809999999961533,-68.16000000010172,68.81,98.0,96.0,0.31,BO,2021-04-24 01:52:16
175,Kutum,14.690000000053558,24.19999999981428,76.86,17.0,62.0,9.15,SD,2021-04-24 01:44:27
176,Tautira,-17.299999999962807,-142.8500000000338,82.4,74.0,40.0,10.36,PF,2021-04-24 01:52:17
177,Westport,-36.919999999972845,163.65999999968744,55.4,38.0,1.0,4.61,US,2021-04-24 01:48:42
178,Banda aceh,4.90000000004855,93.46999999975128,84.15,67.0,100.0,11.01,ID,2021-04-24 01:50:40
179,Ola,58.18000000007581,152.54999999969755,29.21,78.0,82.0,3.13,RU,2021-04-24 01:52:17
180,Jutiapa,14.310000000053364,-89.97000000008188,72.14,80.0,20.0,4.07,GT,2021-04-24 01:52:18
181,Astana,51.230000000072266,71.98999999977082,32.0,55.0,0.0,8.95,KZ,2021-04-24 01:52:18
182,Qusar,41.500000000067274,48.49999999979218,45.21,71.0,59.0,4.54,AZ,2021-04-24 01:52:18
183,Wagar,16.380000000054423,37.40999999980227,85.08,39.0,88.0,2.89,SD,2021-04-24 01:52:19
184,Palaikastron,35.130000000064015,26.29999999981237,62.94,51.0,100.0,6.89,GR,2021-04-24 01:52:19
185,Zhob,31.140000000061974,69.87999999977274,62.8,44.0,0.0,1.48,PK,2021-04-24 01:52:19
186,Lafiagi,8.550000000050417,5.859999999830961,80.91,67.0,100.0,2.62,NG,2021-04-24 01:52:20
187,Sur,19.840000000056193,59.96999999978175,84.74,33.0,0.0,6.6,OM,2021-04-24 01:47:26
188,Cururupu,-0.8599999999543968,-43.69000000012397,74.03,98.0,96.0,2.98,BR,2021-04-24 01:52:21
189,Turayf,32.530000000062685,40.19999999979973,69.8,28.0,0.0,11.5,SA,2021-04-24 01:52:21
190,Llanes,43.300000000068195,-4.8000000001593435,59.65,71.0,68.0,7.87,ES,2021-04-24 01:52:21
191,Garissa,-0.06999999995399264,38.949999999800866,77.97,80.0,51.0,8.59,KE,2021-04-24 01:52:22
192,La rioja,-28.219999999968394,-68.25000000010164,53.01,62.0,0.0,11.5,ES,2021-04-24 01:52:22
193,Vaini,-82.61999999999622,-168.3500000000106,86.0,74.0,20.0,6.91,TO,2021-04-24 01:47:59
194,Bulgan,48.550000000070895,102.1299999997434,30.38,91.0,100.0,5.75,MN,2021-04-24 01:52:23
195,Klaksvik,72.54000000008315,-5.440000000158761,42.8,100.0,90.0,4.61,FO,2021-04-24 01:49:04
196,Vilhena,-12.329999999960265,-60.65000000010855,72.75,83.0,94.0,3.15,BR,2021-04-24 01:51:59
197,Mari-turek,56.980000000075194,49.60999999979117,38.93,94.0,69.0,7.38,RU,2021-04-24 01:52:23
198,Bambous virieux,-24.619999999966552,70.56999999977211,78.8,89.0,40.0,11.5,MU,2021-04-24 01:52:24
199,Leningradskiy,73.24000000008351,179.11999999967338,29.35,85.0,96.0,5.66,RU,2021-04-24 01:47:26
200,Whitehorse,62.0800000000778,-132.57000000004314,48.2,23.0,1.0,6.91,CA,2021-04-24 01:53:25
201,Thompson,73.87000000008385,-98.22000000007438,24.8,39.0,20.0,11.5,CA,2021-04-24 01:44:53
202,Ocala,29.090000000060925,-82.11000000008903,73.4,64.0,20.0,9.22,US,2021-04-24 01:49:32
203,Mandera,3.4000000000477826,40.56999999979939,79.29,73.0,87.0,4.05,KE,2021-04-24 01:53:26
204,Port hardy,47.38000000007028,-134.6900000000412,51.8,76.0,90.0,4.61,CA,2021-04-24 01:49:15
205,Vanavara,62.64000000007809,103.2399999997424,35.85,79.0,100.0,0.87,RU,2021-04-24 01:53:27
206,Port lincoln,-41.22999999997505,131.0599999997171,63.9,59.0,59.0,6.4,AU,2021-04-24 01:53:27
207,Parker,39.53000000006625,-104.41000000006875,66.0,94.0,98.0,1.01,US,2021-04-24 01:53:27
208,Axim,0.7200000000464115,-2.2500000001616627,81.77,80.0,100.0,7.47,GH,2021-04-24 01:48:13
209,Chokurdakh,87.02000000009056,150.2899999996996,9.88,85.0,18.0,1.41,RU,2021-04-24 01:48:41
210,Ternate,3.540000000047854,130.049999999718,84.16,73.0,20.0,7.52,ID,2021-04-24 01:51:06
211,Caucaia,-1.7899999999548726,-37.14000000012993,82.0,89.0,75.0,3.44,BR,2021-04-24 01:53:28
212,Scarborough,54.77000000007405,-0.19000000016353624,42.01,65.0,100.0,1.5,GB,2021-04-24 01:51:38
213,Ruangwa,-9.929999999959037,38.42999999980134,68.83,95.0,76.0,4.05,TZ,2021-04-24 01:53:29
214,Eyl,6.1500000000491895,53.14999999978795,82.4,75.0,85.0,6.85,SO,2021-04-24 01:53:29
215,Ewa beach,16.560000000054515,-159.15000000001896,82.4,51.0,75.0,12.66,US,2021-04-24 01:53:30
216,Mitsamiouli,-7.299999999957691,44.339999999795964,80.6,80.0,75.0,14.07,KM,2021-04-24 01:53:30
217,Geraldton,-32.01999999997034,97.22999999974786,75.2,43.0,0.0,6.91,AU,2021-04-24 01:48:21
218,Walvis bay,-25.409999999966956,5.059999999831689,60.01,94.0,5.0,3.44,NA,2021-04-24 01:53:31
219,Yerbogachen,65.10000000007935,106.39999999973952,37.44,68.0,19.0,8.75,RU,2021-04-24 01:52:15
220,Port-gentil,0.0800000000460841,4.089999999832571,81.01,78.0,100.0,5.84,GA,2021-04-24 01:52:14
221,Lorengau,-2.3699999999551693,147.5299999997021,81.14,80.0,90.0,6.96,PG,2021-04-24 01:48:39
222,Barcelos,-1.0599999999544991,-62.160000000107175,60.8,88.0,75.0,9.22,PT,2021-04-24 01:53:32
223,Nikolskoye,44.350000000068746,174.98999999967714,36.0,93.0,75.0,4.47,RU,2021-04-24 01:43:25
224,Nizhniy kuranakh,59.56000000007651,124.7899999997228,29.77,81.0,100.0,12.44,RU,2021-04-24 01:50:56
225,Fort saint james,55.2400000000743,-124.53000000005045,45.5,48.0,95.0,7.87,CA,2021-04-24 01:53:33
226,Kamaishi,37.41000000006518,144.10999999970522,57.2,44.0,0.0,3.44,JP,2021-04-24 01:53:33
227,Nampula,-14.849999999961554,39.95999999979995,65.1,97.0,38.0,2.86,MZ,2021-04-24 01:53:34
228,Mayo,65.68000000007964,-135.9100000000401,52.0,56.0,53.0,6.82,US,2021-04-24 01:51:30
229,Talnakh,73.95000000008389,88.46999999975583,31.98,97.0,100.0,9.82,RU,2021-04-24 01:52:40
230,Kletskaya,49.10000000007116,43.39999999979682,44.01,94.0,100.0,3.0,RU,2021-04-24 01:54:36
231,Okha,55.73000000007454,142.06999999970708,33.35,65.0,4.0,9.13,RU,2021-04-24 01:47:28
232,Hervey bay,-20.66999999996453,156.59999999969386,75.99,60.0,14.0,4.0,AU,2021-04-24 01:54:37
233,Borogontsy,63.21000000007837,130.64999999971747,27.66,79.0,100.0,7.54,RU,2021-04-24 01:54:38
234,Camana,-17.999999999963165,-74.14000000009628,67.35,82.0,46.0,6.8,PE,2021-04-24 01:54:38
235,Russell,-27.87999999996822,179.06999999967343,66.2,67.0,20.0,5.61,US,2021-04-24 01:54:39
236,Sitka,56.090000000074724,-139.14000000003716,60.8,21.0,20.0,4.61,US,2021-04-24 01:52:17
237,Yangambi,-0.619999999954274,24.039999999814427,69.22,99.0,99.0,2.59,CD,2021-04-24 01:54:41
238,Kem,65.56000000007958,34.49999999980491,36.79,94.0,100.0,3.69,RU,2021-04-24 01:54:41
239,Biak,1.720000000046923,137.16999999971154,80.26,77.0,90.0,3.31,ID,2021-04-24 01:54:42
240,Sayyan,14.900000000053666,45.91999999979453,56.05,43.0,0.0,1.1,YE,2021-04-24 01:54:42
241,Kabanjahe,3.280000000047721,98.13999999974703,77.0,94.0,75.0,5.75,ID,2021-04-24 01:49:15
242,Qui nhon,15.110000000053773,114.4499999997322,85.21,68.0,54.0,5.66,VN,2021-04-24 01:54:43
243,Praia,13.15000000005277,-23.31000000014251,69.8,73.0,20.0,13.8,CV,2021-04-24 01:52:36
244,Katsuura,18.790000000055656,154.32999999969593,66.99,59.0,75.0,6.91,JP,2021-04-24 01:48:44
245,Paso de los toros,-32.56999999997062,-56.320000000112486,69.15,70.0,100.0,9.01,UY,2021-04-24 01:54:43
246,Valdosta,30.870000000061836,-82.88000000008833,66.2,68.0,1.0,9.04,US,2021-04-24 01:54:43
247,Basoko,0.760000000046432,22.449999999815873,71.46,96.0,98.0,2.3,CD,2021-04-24 01:54:44
248,Gogrial,9.700000000051006,28.16999999981067,82.51,52.0,48.0,6.31,SS,2021-04-24 01:54:44
249,Tuatapere,-58.46999999998387,158.2099999996924,50.0,84.0,72.0,11.99,NZ,2021-04-24 01:46:10
250,Korhogo,9.900000000051108,-5.7500000001584795,79.75,49.0,18.0,5.57,CI,2021-04-24 01:54:45
251,Lagoa,44.83000000006899,-28.73000000013758,57.31,76.0,27.0,32.73,PT,2021-04-24 01:47:30
252,Souillac,-24.099999999966286,58.73999999978287,78.8,89.0,40.0,11.5,MU,2021-04-24 01:47:59
253,Verkhnyaya inta,65.17000000007937,61.71999999978016,35.29,94.0,15.0,4.76,RU,2021-04-24 01:55:47
254,Safranbolu,41.630000000067355,32.89999999980637,52.12,69.0,100.0,1.43,TR,2021-04-24 01:55:48
255,Lavrentiya,76.93000000008539,-171.4300000000078,33.35,82.0,2.0,3.8,RU,2021-04-24 01:54:31
256,Ahipara,-30.16999999996939,172.46999999967943,66.4,63.0,21.0,9.42,NZ,2021-04-24 01:55:36
257,Great yarmouth,54.410000000073865,2.2699999998342264,44.01,81.0,100.0,1.14,GB,2021-04-24 01:55:49
258,Turka,52.840000000073076,107.86999999973818,36.0,82.0,57.0,4.18,UA,2021-04-24 01:55:49
259,Te anau,-37.249999999973014,161.81999999968912,50.94,72.0,100.0,4.76,NZ,2021-04-24 01:46:02
260,Tigzirt,38.170000000065556,4.769999999831953,55.11,79.0,15.0,9.57,DZ,2021-04-24 01:55:49
261,Lyantonde,-0.059999999953987526,31.099999999808006,60.84,93.0,35.0,0.51,UG,2021-04-24 01:55:50
262,Bayji,35.4900000000642,43.589999999796646,71.44,14.0,34.0,7.2,IQ,2021-04-24 01:55:50
263,Mount isa,-22.549999999965493,138.9699999997099,82.4,30.0,22.0,13.8,AU,2021-04-24 01:46:08
264,Flin flon,61.80000000007766,-102.86000000007016,23.41,55.0,55.0,4.38,CA,2021-04-24 01:55:44
265,Bodden town,20.15000000005635,-80.25000000009072,80.6,78.0,0.0,5.75,KY,2021-04-24 01:55:51
266,Pleshanovo,52.700000000073004,53.60999999978753,44.33,94.0,100.0,9.22,RU,2021-04-24 01:55:52
267,Anju,30.360000000061575,105.52999999974031,65.88,36.0,99.0,5.46,KP,2021-04-24 01:55:52
268,Avallon,47.37000000007026,3.679999999832944,41.0,58.0,0.0,4.21,FR,2021-04-24 01:55:53
269,Isla mujeres,22.430000000057518,-85.9900000000855,80.6,74.0,75.0,8.05,MX,2021-04-24 01:54:58
270,Cidreira,-44.329999999976636,-31.540000000135024,70.16,81.0,1.0,16.6,BR,2021-04-24 01:42:56
271,Fayaoue,-18.799999999963575,165.7899999996855,79.93,74.0,100.0,11.18,NC,2021-04-24 01:55:54
272,Bay city,43.95000000006854,-83.42000000008784,55.4,35.0,40.0,10.36,US,2021-04-24 01:55:54
273,Yurga,55.80000000007459,85.13999999975886,36.03,73.0,91.0,8.99,RU,2021-04-24 01:55:55
274,Nanortalik,54.66000000007401,-40.44000000012693,35.4,89.0,9.0,4.29,GL,2021-04-24 01:54:33
275,Tarrega,41.600000000067325,0.9499999998354269,48.0,82.0,49.0,3.0,ES,2021-04-24 01:56:57
276,Baltiysk,54.590000000073985,19.7799999998183,30.2,80.0,0.0,8.95,RU,2021-04-24 01:56:57
277,Castrovillari,40.00000000006651,16.199999999821557,53.01,100.0,90.0,3.94,IT,2021-04-24 01:56:58
278,Touros,-2.5799999999552767,-34.34000000013248,80.6,83.0,40.0,5.75,BR,2021-04-24 01:48:12
279,Acarau,2.1100000000471226,-40.34000000012702,77.9,86.0,66.0,9.46,BR,2021-04-24 01:50:45
280,Bathurst,46.94000000007006,-66.24000000010346,62.01,52.0,77.0,3.0,AU,2021-04-24 01:56:58
281,The pas,54.530000000073926,-100.35000000007244,32.0,37.0,1.0,8.05,CA,2021-04-24 01:56:59
282,Comacchio,44.70000000006891,12.079999999825304,50.0,87.0,0.0,3.44,IT,2021-04-24 01:56:59
283,Hamilton,45.2600000000692,-114.31000000005974,54.0,58.0,90.0,3.44,US,2021-04-24 01:49:37
284,Boa vista,3.3900000000477775,-62.040000000107284,80.6,74.0,75.0,12.66,BR,2021-04-24 01:57:00
285,Hit,31.050000000061928,42.96999999979721,74.82,13.0,69.0,8.7,IQ,2021-04-24 01:57:00
286,Saldanha,-45.99999999997749,-7.770000000156642,51.8,87.0,70.0,3.44,ZA,2021-04-24 01:47:54
287,Gardez,33.490000000063176,69.55999999977303,50.92,22.0,2.0,3.2,AF,2021-04-24 01:57:01
288,Baruun-urt,45.20000000006917,116.51999999973032,45.95,25.0,99.0,14.09,MN,2021-04-24 01:56:02
289,Amos,48.510000000070875,-78.54000000009228,55.4,30.0,40.0,5.75,CA,2021-04-24 01:57:02
290,San patricio,9.350000000050827,-113.3700000000606,75.99,94.0,90.0,18.41,US,2021-04-24 01:50:58
291,Camargo,-20.87999999996464,-64.9900000001046,71.55,6.0,0.0,13.94,MX,2021-04-24 01:57:03
292,Novosergiyevka,52.09000000007268,53.69999999978745,44.42,94.0,100.0,8.9,RU,2021-04-24 01:57:05
293,Matara,-4.379999999956198,83.6599999997602,79.18,87.0,85.0,5.39,LK,2021-04-24 01:57:05
294,Grindavik,56.970000000075174,-27.19000000013898,46.4,93.0,75.0,11.5,IS,2021-04-24 01:49:51
295,Zharkent,43.10000000006809,79.94999999976358,38.73,29.0,0.0,9.4,KZ,2021-04-24 01:57:06
296,Taonan,45.16000000006915,122.34999999972501,49.68,24.0,99.0,13.49,CN,2021-04-24 01:57:06
297,Lima,-14.799999999961528,-80.90000000009013,66.99,82.0,2.0,10.36,PE,2021-04-24 01:53:44
298,Faanui,0.680000000046391,-153.76000000002387,80.02,74.0,100.0,10.56,PF,2021-04-24 01:47:41
299,Vijapur,23.580000000058106,72.84999999977003,82.4,65.0,20.0,3.44,IN,2021-04-24 01:58:08
300,Yulara,-28.139999999968353,134.1399999997143,69.8,37.0,0.0,16.11,AU,2021-04-24 01:51:06
301,Longyearbyen,87.70000000009091,29.05999999980986,17.6,67.0,75.0,6.91,SJ,2021-04-24 01:51:26
302,Faya,21.73000000005716,18.609999999819365,62.6,51.0,0.0,1.9,SA,2021-04-24 01:49:02
303,Mitzic,0.7000000000464013,11.189999999826114,69.01,98.0,100.0,2.59,GA,2021-04-24 01:58:09
304,Tiznit,29.670000000061222,-11.39000000015335,59.14,83.0,100.0,6.8,MA,2021-04-24 01:56:06
305,Moctezuma,29.560000000061166,-109.68000000006396,70.34,15.0,0.0,7.83,MX,2021-04-24 01:58:09
306,Luderitz,-36.76999999997277,-1.2000000001626177,63.52,74.0,4.0,7.56,NA,2021-04-24 01:55:51
307,Ponta do sol,18.74000000005563,-40.160000000127184,59.0,79.0,21.0,5.99,PT,2021-04-24 01:48:44
308,Havre-saint-pierre,51.49000000007237,-64.27000000010526,30.2,100.0,75.0,3.44,CA,2021-04-24 01:52:16
309,Nelson bay,-36.64999999997271,160.10999999969067,70.0,49.0,28.0,4.61,AU,2021-04-24 01:58:13
310,Muyezerskiy,63.57000000007855,30.859999999808224,30.78,94.0,25.0,4.25,RU,2021-04-24 01:58:14
311,Puerto del rosario,25.07000000005887,-11.61000000015315,68.0,68.0,20.0,3.44,ES,2021-04-24 01:58:14
312,Korla,39.61000000006629,89.50999999975488,47.1,44.0,14.0,6.46,CN,2021-04-24 01:52:01
313,Half moon bay,31.9700000000624,-133.35000000004243,55.99,87.0,90.0,8.05,US,2021-04-24 01:56:12
314,Putyatino,54.19000000007378,41.08999999979892,44.37,93.0,23.0,10.02,RU,2021-04-24 01:58:16
315,Price,38.970000000065966,-110.25000000006344,60.8,17.0,20.0,11.5,US,2021-04-24 01:56:43
316,Fort nelson,62.88000000007821,-121.1700000000535,37.4,38.0,40.0,6.91,CA,2021-04-24 01:50:43
317,Thinadhoo,0.29000000004619153,64.99999999977717,82.49,67.0,0.0,6.8,MV,2021-04-24 01:50:00
318,Lompoc,30.74000000006177,-127.36000000004788,57.2,67.0,4.0,13.8,US,2021-04-24 01:58:17
319,Maloy,63.170000000078346,1.5999999998348358,35.6,69.0,90.0,3.44,NO,2021-04-24 01:58:18
320,Olafsvik,65.55000000007959,-26.440000000139662,43.48,93.0,100.0,11.81,IS,2021-04-24 01:52:26
321,Fort frances,48.88000000007105,-93.08000000007905,32.0,86.0,90.0,11.5,CA,2021-04-24 01:59:03
322,Ornskoldsvik,64.73000000007914,18.97999999981903,33.8,64.0,90.0,18.41,SE,2021-04-24 01:56:07
323,Mandalgovi,45.870000000069524,105.25999999974056,45.48,40.0,100.0,29.53,MN,2021-04-24 01:55:30
324,Marawi,19.790000000056168,29.539999999809424,84.0,77.0,100.0,5.99,PH,2021-04-24 01:59:24
325,Rabo de peixe,45.33000000006922,-21.620000000144046,57.2,72.0,40.0,11.5,PT,2021-04-24 01:59:24
326,Norrtalje,60.94000000007722,18.629999999819347,37.0,68.0,61.0,5.01,SE,2021-04-24 01:59:25
327,Ratnagiri,16.230000000054346,69.51999999977306,79.81,67.0,83.0,4.61,IN,2021-04-24 01:59:26
328,Aklavik,74.11000000008397,-139.6400000000367,37.4,44.0,94.0,2.3,CA,2021-04-24 01:50:56
329,Husavik,73.38000000008358,-14.520000000150503,41.0,81.0,0.0,1.14,IS,2021-04-24 01:51:27
330,Cabra,13.270000000052832,118.68999999972834,57.0,72.0,51.0,3.13,ES,2021-04-24 01:59:28
331,Pokhara,33.77000000006332,86.50999999975761,80.44,20.0,30.0,2.35,NP,2021-04-24 01:51:53
332,San vicente,18.430000000055472,123.58999999972389,62.71,72.0,45.0,1.45,AR,2021-04-24 01:59:29
333,Salalah,13.590000000052996,60.6799999997811,82.4,74.0,40.0,1.14,OM,2021-04-24 01:51:55
334,Pontianak,-1.5899999999547703,109.42999999973676,82.4,83.0,20.0,3.44,ID,2021-04-24 01:54:44
335,Eureka,41.28000000006716,-137.82000000003836,52.0,76.0,100.0,3.0,US,2021-04-24 01:55:30
336,Salinopolis,4.350000000048269,-44.490000000123246,78.42,87.0,100.0,7.87,BR,2021-04-24 01:51:48
337,Yar-sale,73.75000000008379,71.36999999977138,31.78,99.0,97.0,9.31,RU,2021-04-24 01:59:33
338,Lazaro cardenas,3.5600000000478644,-109.55000000006407,77.18,67.0,91.0,4.81,MX,2021-04-24 01:56:10
339,Moose factory,53.87000000007362,-77.9600000000928,37.4,70.0,1.0,17.27,CA,2021-04-24 01:59:34
340,Darhan,45.35000000006926,109.47999999973672,35.94,70.0,100.0,5.3,MN,2021-04-24 01:55:01
341,Meulaboh,2.3800000000472608,96.24999999974875,79.77,80.0,100.0,3.65,ID,2021-04-24 01:55:06
342,Florence,38.990000000066004,-84.66000000008671,48.2,76.0,0.0,2.3,IT,2021-04-24 01:59:35
343,Raga,7.810000000050039,26.679999999812026,76.75,53.0,70.0,6.2,SS,2021-04-24 01:59:36
344,Tucurui,-3.8399999999559213,-49.30000000011887,74.46,93.0,26.0,1.99,BR,2021-04-24 01:59:36
345,Srednekolymsk,73.52000000008366,155.03999999969528,15.46,91.0,100.0,19.98,RU,2021-04-24 01:59:36
346,San lorenzo,-28.039999999968302,-58.88000000011016,71.6,94.0,90.0,9.22,PY,2021-04-24 01:59:37
347,Honiara,-14.339999999961293,156.1299999996943,85.42,69.0,90.0,4.61,SB,2021-04-24 01:59:38
348,Markapur,15.990000000054224,79.42999999976405,85.46,62.0,3.0,4.83,IN,2021-04-24 01:59:38
349,Kavarna,43.11000000006811,28.429999999810434,45.0,93.0,0.0,3.44,BG,2021-04-24 01:59:38
350,Agadez,17.10000000005479,8.399999999828651,83.95,14.0,20.0,10.4,NE,2021-04-24 01:59:39
351,Camopi,3.000000000047578,-52.07000000011635,72.9,99.0,100.0,1.59,GF,2021-04-24 01:56:22
352,Acapulco,5.590000000048903,-103.1500000000699,80.6,83.0,90.0,9.22,MX,2021-04-24 01:59:40
353,Namibe,-14.479999999961365,4.559999999832144,77.22,80.0,23.0,5.53,AO,2021-04-24 01:59:41
354,Muisne,0.5400000000463194,-80.11000000009085,77.04,85.0,100.0,4.65,EC,2021-04-24 01:59:42
355,Labuhan,-11.45999999995982,99.88999999974544,82.31,70.0,2.0,4.99,ID,2021-04-24 01:47:47
356,Champerico,8.240000000050259,-96.16000000007625,72.0,92.0,44.0,5.23,GT,2021-04-24 01:59:42
357,Santa cruz,-34.319999999971515,-72.250000000098,71.6,100.0,90.0,8.05,BO,2021-04-24 01:59:43
358,Jumla,31.74000000006228,83.42999999976041,53.85,40.0,15.0,3.15,NP,2021-04-24 01:59:44
359,Vostok,46.89000000007002,135.49999999971305,35.62,97.0,100.0,3.31,RU,2021-04-24 01:59:45
360,Gizo,-6.7299999999574,157.15999999969335,84.33,71.0,79.0,7.65,SB,2021-04-24 01:59:45
361,Kalmunai,7.700000000049982,87.48999999975672,81.88,77.0,15.0,1.57,LK,2021-04-24 01:59:46
362,Sogne,57.71000000007558,8.019999999828997,39.0,59.0,11.0,2.3,NO,2021-04-24 01:59:46
363,Waddan,29.790000000061283,18.029999999819893,65.48,56.0,4.0,14.99,LY,2021-04-24 01:59:46
364,Bestobe,52.4700000000729,72.85999999977003,38.01,48.0,99.0,9.89,KZ,2021-04-24 01:59:48
365,Wilkinsburg,40.52000000006677,-79.90000000009104,48.99,45.0,64.0,5.86,US,2021-04-24 01:58:29
366,Camacha,35.14000000006402,-15.890000000149257,62.6,72.0,40.0,17.27,PT,2021-04-24 01:51:34
367,Tumpat,6.280000000049256,102.2399999997433,78.8,89.0,20.0,4.61,MY,2021-04-24 01:59:49
368,Loukhi,65.57000000007957,32.82999999980643,33.17,97.0,100.0,3.31,RU,2021-04-24 01:59:52
369,Gat,24.360000000058506,9.49999999982765,66.0,100.0,52.0,1.57,IL,2021-04-24 01:49:57
370,Nurota,40.88000000006696,65.92999999977633,51.8,66.0,100.0,6.91,UZ,2021-04-24 01:56:27
371,Katobu,-6.309999999957185,124.30999999972323,87.57,57.0,5.0,2.15,ID,2021-04-24 01:59:53
372,Rio gallegos,-49.68999999997938,-66.25000000010346,50.0,66.0,75.0,2.3,AR,2021-04-24 01:55:31
373,Halmstad,56.47000000007495,12.649999999824786,30.2,64.0,20.0,1.14,SE,2021-04-24 01:59:54
374,Key largo,24.140000000058393,-79.23000000009165,79.0,67.0,77.0,10.0,US,2021-04-24 01:59:54
375,Ponta delgada,29.270000000061017,-27.10000000013906,57.2,72.0,40.0,11.5,PT,2021-04-24 01:59:54
376,Hakkari,37.27000000006511,43.569999999796664,46.09,39.0,9.0,2.1,TR,2021-04-24 01:59:55
377,Ostrovnoy,79.40000000008666,41.38999999979865,31.98,95.0,100.0,25.17,RU,2021-04-24 01:50:21
378,Batagay,65.6100000000796,135.47999999971307,18.63,79.0,79.0,2.53,RU,2021-04-24 01:59:55
379,Druzhba,51.38000000007233,28.139999999810698,35.6,89.0,87.0,7.4,UA,2021-04-24 01:59:56
380,Ilulissat,76.110000000085,-49.54000000011865,28.4,69.0,100.0,6.91,GL,2021-04-24 01:59:57
381,Severnyy,50.78000000007202,36.69999999980291,37.4,93.0,75.0,15.66,RU,2021-04-24 01:59:57
382,Matagami,52.860000000073086,-77.57000000009316,51.8,40.0,1.0,6.91,CA,2021-04-24 01:59:59
383,Hazorasp,40.680000000066855,60.809999999780985,59.0,33.0,0.0,9.22,UZ,2021-04-24 02:00:01
384,Punta alta,-38.43999999997362,-61.31000000010795,63.75,72.0,100.0,3.85,AR,2021-04-24 02:00:02
385,Teya,62.80000000007817,90.31999999975415,36.28,81.0,14.0,2.21,RU,2021-04-24 01:50:35
386,Bubaque,7.670000000049967,-17.80000000014752,77.49,71.0,43.0,16.26,GW,2021-04-24 01:56:40
387,Sinnamary,11.990000000052177,-49.77000000011844,77.54,89.0,100.0,12.82,GF,2021-04-24 01:52:41
388,Palmer,59.580000000076524,-146.94000000003007,53.6,32.0,1.0,11.5,US,2021-04-24 01:48:02
389,Hay river,60.97000000007722,-115.65000000005853,19.4,68.0,92.0,5.75,CA,2021-04-24 02:00:11
390,Gwadar,23.010000000057815,62.349999999779584,80.44,79.0,7.0,5.7,PK,2021-04-24 02:00:12
391,Shache,37.09000000006502,79.13999999976431,56.28,13.0,1.0,5.61,CN,2021-04-24 02:00:13
392,Luwuk,-2.499999999955236,123.91999999972359,82.51,78.0,89.0,3.49,ID,2021-04-24 02:00:14
393,Joao pinheiro,-17.20999999996276,-46.1900000001217,66.94,47.0,0.0,3.06,BR,2021-04-24 01:56:36
394,Yaan,32.40000000006262,100.63999999974476,77.04,81.0,100.0,7.81,NG,2021-04-24 02:00:15
395,Puerto madero,14.46000000005344,-93.22000000007893,84.2,79.0,75.0,5.32,MX,2021-04-24 02:00:15
396,Tottori,36.770000000064854,134.26999999971417,60.8,77.0,75.0,5.75,JP,2021-04-24 02:00:16
397,Lagunillas,21.100000000056838,-104.73000000006846,80.94,74.0,19.0,10.31,VE,2021-04-24 02:00:16
398,Barranca,-4.819999999956423,-76.79000000009387,66.72,87.0,35.0,5.88,PE,2021-04-24 02:00:17
399,Bengkulu,-10.019999999959083,95.6399999997493,80.22,73.0,100.0,2.15,ID,2021-04-24 01:50:35
400,Ramanuj ganj,23.440000000058035,83.72999999976014,86.92,11.0,64.0,5.1,IN,2021-04-24 02:00:18
401,Bontang,1.6600000000468924,116.0999999997307,82.58,77.0,92.0,7.61,ID,2021-04-24 02:00:18
402,Pouebo,-19.879999999964127,164.95999999968626,81.79,72.0,100.0,7.7,NC,2021-04-24 01:51:47
403,Zyryanka,65.27000000007945,150.25999999969963,15.21,90.0,100.0,23.13,RU,2021-04-24 02:00:19
404,Beyneu,46.830000000070015,55.279999999786014,48.9,86.0,0.0,10.31,KZ,2021-04-24 02:00:20
405,Hanyang,27.560000000060143,119.77999999972735,61.75,69.0,100.0,6.96,CN,2021-04-24 02:00:21
406,Cefalu,39.150000000066086,13.939999999823613,55.0,91.0,99.0,4.0,IT,2021-04-24 02:00:21
407,Georgetown,-13.639999999960935,-17.59000000014771,78.8,94.0,40.0,3.44,MY,2021-04-24 01:58:51
408,Deputatskiy,70.77000000008223,141.6199999997075,12.92,79.0,9.0,2.77,RU,2021-04-24 02:00:22
409,Egvekinot,59.740000000076606,-178.1200000000017,31.96,88.0,100.0,3.94,RU,2021-04-24 02:00:22
410,Lobau,51.140000000072206,14.729999999822894,37.99,88.0,91.0,4.9,DE,2021-04-24 02:00:23
411,Benguela,-13.639999999960935,13.12999999982435,79.45,88.0,100.0,3.71,AO,2021-04-24 02:00:23
412,Phalaborwa,-23.88999999996618,31.24999999980787,59.0,100.0,36.0,6.91,ZA,2021-04-24 02:00:24
413,Beberibe,-3.4099999999557014,-37.1700000001299,82.0,89.0,75.0,3.44,BR,2021-04-24 02:00:25
414,Tianpeng,31.37000000006209,103.82999999974186,71.6,56.0,40.0,13.42,CN,2021-04-24 02:00:25
415,Podgorodnyaya pokrovka,51.76000000007252,55.02999999978624,44.6,87.0,90.0,8.95,RU,2021-04-24 02:00:25
416,Eydhafushi,4.92000000004856,69.9199999997727,83.48,72.0,53.0,9.55,MV,2021-04-24 02:00:26
417,Carutapera,0.7100000000464064,-44.89000000012288,75.78,94.0,100.0,5.64,BR,2021-04-24 01:55:34
418,Chipata,-13.269999999960746,32.12999999980707,58.15,93.0,1.0,5.06,ZM,2021-04-24 02:00:27
419,San jeronimo,15.660000000054055,-101.00000000007185,48.24,88.0,83.0,2.48,PE,2021-04-24 02:00:28
420,Pascagoula,29.580000000061176,-88.6300000000831,69.8,83.0,90.0,10.36,US,2021-04-24 02:00:28
421,Ferme-neuve,47.29000000007022,-75.8800000000947,53.6,32.0,90.0,6.91,CA,2021-04-24 02:00:29
422,Kamenka,67.22000000008043,43.259999999796946,41.0,95.0,99.0,8.23,RU,2021-04-24 01:51:48
423,Asfi,34.87000000006388,-11.680000000153086,63.91,89.0,70.0,6.08,MA,2021-04-24 02:00:30
424,Domoni,-9.059999999958592,46.91999999979362,78.94,86.0,100.0,7.7,KM,2021-04-24 01:55:32
425,Hlotse,-28.999999999968793,28.309999999810543,43.56,56.0,5.0,2.66,LS,2021-04-24 02:00:30
426,Menongue,-13.779999999961007,17.179999999820666,57.0,62.0,27.0,2.42,AO,2021-04-24 02:00:31
427,Kargat,56.050000000074704,80.73999999976286,37.54,66.0,4.0,5.7,RU,2021-04-24 02:00:32
428,Thornhill,55.400000000074385,-3.670000000160371,46.4,81.0,100.0,9.22,GB,2021-04-24 02:00:32
429,Narsaq,85.1700000000896,-60.30000000010887,39.2,65.0,0.0,2.3,GL,2021-04-24 02:00:33
430,Winnemucca,42.62000000006785,-118.28000000005613,69.8,6.0,1.0,4.61,US,2021-04-24 02:00:34
431,Lasa,33.12000000006299,94.01999999975078,46.0,70.0,0.0,3.44,IT,2021-04-24 01:51:51
432,Poum,-18.349999999963345,163.20999999968785,79.86,76.0,98.0,6.04,NC,2021-04-24 02:00:35
433,Warrnambool,-38.74999999997378,142.55999999970663,57.0,92.0,96.0,5.99,AU,2021-04-24 01:57:54
434,Huangpi,30.86000000006183,114.27999999973235,60.8,88.0,100.0,11.18,CN,2021-04-24 02:00:35
435,Karachi,24.980000000058823,66.47999999977583,82.4,34.0,0.0,4.61,PK,2021-04-24 02:00:36
436,Oxford,34.620000000063754,-89.54000000008227,44.6,61.0,87.0,13.8,GB,2021-04-24 01:55:28
437,Narasaraopet,16.340000000054403,79.94999999976358,85.24,69.0,9.0,5.88,IN,2021-04-24 01:58:40
438,Jawhar,2.1800000000471584,47.96999999979266,78.71,79.0,68.0,3.96,SO,2021-04-24 02:00:38
439,Udachnyy,66.6100000000801,113.62999999973295,33.8,99.0,33.0,9.86,RU,2021-04-24 02:00:39
440,Marystown,41.3600000000672,-53.110000000115406,36.82,86.0,86.0,19.69,CA,2021-04-24 02:00:39
441,Emirdag,39.09000000006603,31.229999999807887,47.61,81.0,5.0,1.52,TR,2021-04-24 02:00:40
442,Cobija,-12.039999999960116,-67.60000000010223,75.02,92.0,98.0,2.73,BO,2021-04-24 02:00:41
443,Hibbing,47.10000000007014,-93.64000000007854,39.2,87.0,90.0,9.22,US,2021-04-24 02:00:41
444,Deder,9.780000000051047,41.30999999979872,54.61,87.0,30.0,4.03,ET,2021-04-24 02:00:42
445,Grande prairie,54.18000000007376,-118.46000000005597,42.8,19.0,40.0,5.75,CA,2021-04-24 01:56:20
446,Zhangye,39.14000000006607,100.02999999974531,44.92,64.0,66.0,1.7,CN,2021-04-24 02:00:44
447,Bogorodsk,56.08000000007473,43.50999999979672,48.2,71.0,0.0,4.47,RU,2021-04-24 02:00:45
448,Vila,-15.73999999996201,174.32999999967774,54.0,95.0,100.0,1.99,PT,2021-04-24 01:54:42
449,Nkhotakota,-13.209999999960715,34.619999999804804,68.56,82.0,45.0,7.9,MW,2021-04-24 02:00:45
450,Gladstone,-22.40999999996542,153.06999999969707,75.2,41.0,75.0,10.36,AU,2021-04-24 02:00:46
451,Dwarka,21.40000000005699,65.96999999977629,81.41,77.0,100.0,10.54,IN,2021-04-24 02:00:47
452,Yagodnoye,62.160000000077844,149.5199999997003,16.83,74.0,100.0,8.14,RU,2021-04-24 02:00:47
453,Mozarlandia,-14.409999999961329,-50.61000000011768,69.98,52.0,0.0,4.41,BR,2021-04-24 02:00:48
454,Hovd,44.30000000006871,103.58999999974208,35.46,20.0,3.0,4.29,MN,2021-04-24 01:55:15
455,Tigil,59.620000000076544,158.02999999969256,32.52,95.0,100.0,7.4,RU,2021-04-24 02:00:49
456,Omboue,-5.4899999999567655,4.439999999832253,77.45,91.0,100.0,3.27,GA,2021-04-24 02:00:50
457,Zverinogolovskoye,54.440000000073894,64.80999999977735,42.96,51.0,100.0,11.21,RU,2021-04-24 02:00:51
458,Ugoofaaru,5.420000000048816,65.23999999977696,83.62,71.0,81.0,8.16,MV,2021-04-24 01:52:22
459,Bilibino,68.54000000008111,165.65999999968562,26.08,81.0,80.0,3.8,RU,2021-04-24 01:56:30
460,Adrar,27.30000000006001,0.21999999983609086,76.14,14.0,2.0,9.06,MR,2021-04-24 02:00:52
461,Sao filipe,6.780000000049512,-27.940000000138298,71.06,75.0,7.0,7.61,CV,2021-04-24 02:00:52
462,Sanming,26.280000000059488,117.91999999972904,82.85,61.0,100.0,2.35,CN,2021-04-24 02:00:54
463,Pierre,43.7000000000684,-100.00000000007276,39.0,65.0,90.0,12.66,US,2021-04-24 01:56:37
464,Pueblo,38.090000000065515,-103.88000000006923,51.8,62.0,1.0,9.22,US,2021-04-24 02:00:26
465,Prince rupert,49.65000000007143,-132.730000000043,51.8,66.0,1.0,5.75,CA,2021-04-24 01:47:09
466,Panaba,25.360000000059017,-88.17000000008352,77.67,64.0,0.0,13.06,MX,2021-04-24 01:51:32
467,Wernigerode,51.980000000072636,10.759999999826505,35.01,82.0,85.0,3.62,DE,2021-04-24 02:00:55
468,Rayachoti,13.860000000053134,78.80999999976461,82.92,54.0,89.0,2.68,IN,2021-04-24 02:00:56
469,Gorin,51.56000000007242,137.1999999997115,46.4,35.0,67.0,7.2,RU,2021-04-24 02:00:57
470,Cortez,36.82000000006488,-108.9700000000646,60.8,16.0,20.0,10.36,US,2021-04-24 02:00:58
471,Turan,52.89000000007309,94.78999999975008,86.0,74.0,20.0,4.61,VN,2021-04-24 02:00:58
472,Bocaiuva,-17.349999999962833,-43.820000000123855,69.8,83.0,0.0,4.61,BR,2021-04-24 02:00:59
473,Haines junction,55.20000000007428,-142.82000000003382,51.8,22.0,15.0,2.3,CA,2021-04-24 01:52:38
474,Lakatoro,-15.459999999961866,170.14999999968154,86.31,62.0,76.0,10.18,VU,2021-04-24 02:01:00
475,Alofi,-22.449999999965442,-170.16000000000895,86.0,70.0,32.0,9.22,NU,2021-04-24 02:01:01
476,Sirjan,29.710000000061243,55.829999999785514,65.73,33.0,87.0,3.49,IR,2021-04-24 02:01:02
477,Aquino,11.86000000005211,122.10999999972523,53.01,64.0,47.0,4.0,IT,2021-04-24 02:01:03
478,Sistranda,68.53000000008109,6.139999999830707,35.6,69.0,75.0,19.57,NO,2021-04-24 01:56:18
479,Vila velha,-23.469999999965964,-33.640000000133114,75.2,73.0,75.0,6.91,BR,2021-04-24 02:01:03
480,Mecca,23.74000000005819,41.40999999979863,82.9,32.0,73.0,4.7,SA,2021-04-24 02:01:05
481,Port antonio,19.040000000055784,-75.9900000000946,80.6,78.0,40.0,2.3,JM,2021-04-24 02:01:06
482,Dalvik,68.55000000008113,-19.430000000146038,41.0,81.0,0.0,1.14,IS,2021-04-24 01:56:45
483,Kabinda,-5.549999999956796,24.84999999981369,67.08,89.0,87.0,1.5,CD,2021-04-24 01:54:53
484,Fortuna,34.310000000063596,-138.40000000003783,53.01,93.0,1.0,8.05,US,2021-04-24 02:01:06
485,Diamantino,-13.21999999996072,-54.310000000114314,78.31,69.0,100.0,2.77,BR,2021-04-24 02:01:07
486,Rudnyy,44.210000000068646,134.49999999971396,44.6,45.0,0.0,11.18,KZ,2021-04-24 02:01:07
487,Kadyy,57.770000000075584,43.139999999797055,41.67,91.0,26.0,5.91,RU,2021-04-24 02:01:07
488,Oistins,11.930000000052146,-58.950000000110094,80.6,61.0,40.0,14.97,BB,2021-04-24 02:01:08
489,Tsiroanomandidy,-18.51999999996343,45.329999999795064,61.38,94.0,87.0,3.04,MG,2021-04-24 02:01:08
490,Nenjiang,48.83000000007104,125.5599999997221,49.1,20.0,0.0,12.12,CN,2021-04-24 01:55:20
491,Maragogi,-12.33999999996027,-29.590000000136797,78.01,81.0,24.0,7.27,BR,2021-04-24 01:52:26
492,Yenotayevka,46.840000000070006,46.779999999793745,50.88,76.0,100.0,9.93,RU,2021-04-24 02:01:09
493,Pinega,65.2000000000794,42.6499999997975,44.76,86.0,100.0,9.17,RU,2021-04-24 01:52:44
494,Emba,47.35000000007028,59.67999999978201,49.95,43.0,97.0,12.91,KZ,2021-04-24 01:55:07
495,Wanning,17.600000000055047,114.01999999973259,83.46,70.0,7.0,11.7,CN,2021-04-24 02:01:10
496,Cody,44.350000000068746,-108.88000000006468,39.99,69.0,90.0,3.44,US,2021-04-24 01:59:44
497,Puerto madryn,-41.94999999997542,-64.73000000010484,55.31,61.0,0.0,14.85,AR,2021-04-24 01:58:05
498,Atar,22.51000000005756,-13.04000000015185,77.5,15.0,0.0,6.6,MR,2021-04-24 02:01:11
499,Samarai,-10.379999999959267,154.00999999969622,84.54,72.0,48.0,9.71,PG,2021-04-24 02:01:11
